url,event_id,article_id,shooter_name,killed_num,wounded_num,city,title
http://www.nytimes.com/2014/01/04/nyregion/gunman-fires-at-moving-suv-in-queens-killing-one-and-wounding-three-others.html?_r=0,1,0,Unknown,1,3,New York,"Gunman Fires at Moving S.U.V. in Queens, Killing One and Wounding Three Others"
http://pix11.com/2014/01/03/four-people-shot-one-killed-in-queens/#axzz2pwOjY3Gz,1,1,Unknown,1,3,New York,Rapper with ties to 50 Cent shot dead in Queens; 3 others hurt
http://www.goerie.com/man-shot-dead-at-private-party-in-parade-street-building,3,2,Unknown,1,3,Erie,Man shot dead at private party in Parade Street building
http://www.erietvnews.com/story/24366744/1-killed-3-injured-in-early-morning-shooting,3,3,Unknown,1,3,Erie,"1 killed, 3 injured in Early Morning Shooting - Erie News Now: News, Weather & Sports"
http://www.cbsatlanta.com/story/24366624/4-men-hospitalized-and-arrested-after-atlatna-shooting,4,4,Unknown,0,4,Atlanta,4 men hospitalized and arrested after Atlanta shooting
http://whnt.com/2014/01/13/15-year-old-arrested-in-bench-warmer-shooting-clubs-liquor-license-suspended/,6,5,Unknown,0,5,Huntsville,15-Year-Old Arrested In Bench Warmer Shooting; Club’s Liquor License Suspended
http://whnt.com/2014/01/12/early-morning-shooting-at-bench-warmer-in-huntsville/,6,6,Unknown,0,5,Huntsville,Multiple People Shot at Bench Warmer Too in Huntsville
http://www.katu.com/news/local/Multiple-people-shot-at-Southeast-Portland-Club-239796101.html,7,7,Unknown,0,4,Portland,"KATU.com - Portland News, Sports, Traffic Weather and Breaking News - Portland, Oregon"
http://www.kptv.com/story/24427490/update-security-guard-could-lose-life-in-strip-club-shooting,7,8,Unknown,0,4,Portland,Update: Security guard could lose life in strip club shooting
http://www.nbclosangeles.com/news/local/Multiple-People-Shot-in-South-LA--240207831.html,8,9,Unknown,0,4,Los Angeles,Four People Shot in South LA
http://ktla.com/2014/01/14/4-injured-in-south-los-angeles-shooting-lapd/#axzz2qV4cNuX1,8,10,Unknown,0,4,Los Angeles,4 Wounded in South Los Angeles Shooting: LAPD
"http://www.latimes.com/local/lanow/la-me-ln-4-men-shot-south-la-driveby-20140114,0,2237447.story?track=rss#axzz2qV4ez5s0",8,11,Unknown,0,4,Los Angeles,Four men wounded in drive-by shooting in South L.A.
http://www.cnn.com/2014/01/17/justice/oklahoma-atf-agents-shot/,9,12,Unknown,1,4,Ardmore,"Police: Teen killed after shooting several people, including ATF agent"
http://www.cbsnews.com/news/teen-who-shot-4-including-2-atf-agents-is-killed-by-cops-they-say/,9,13,Unknown,1,4,Ardmore,"Teen who shot 4, including 2 ATF agents, is killed by cops, police say"
http://www.kten.com/story/24477645/2014/01/16/breaking-manhunt-over-for-ardmore-shooting,9,14,Unknown,1,4,Ardmore,***BREAKING*** Shooting Suspect Dead After Citywide Manhunt And
http://www.sltrib.com/sltrib/news/57416402-78/boren-family-kelly-amp.html.csp,11,15,Joshua Boren,5,0,Spanish Fork,"Salt Lake City News, Sports, Archive"
http://www.washingtonpost.com/local/crime/four-shot-at-manassas-sports-bar/2014/01/20/a178eefa-81d1-11e3-bbe5-6a2a3141e3a9_story.html,12,16, Jeremiah Eugene Pullen,0,4,Manassas,Four shot at Manassas sports bar; police arrest suspect
http://www.nbcwashington.com/news/local/Four-Shot-at-Manassas-Sports-Bar--241121891.html,12,17, Jeremiah Eugene Pullen,0,4,Manassas,Man Charged in Manassas Quadruple Shooting
http://www.nydailynews.com/news/national/shooting-injures-4-virginia-bar-article-1.1585188,12,18, Jeremiah Eugene Pullen,0,4,Manassas,Man arrested for shooting four people at Virginia bar
http://www.nj.com/essex/index.ssf/2014/01/prosecutors_identify_victims_in_newark_shooting_that_left_2_dead_3_hurt.html,13,19,Unknown,2,3,Newark,"Prosecutors identify victims in Newark shooting that left 2 dead, 3 hurt"
http://www.nj.com/essex/index.ssf/2014/01/several_shot_1_dead_near_newark_restaurant.html,13,20,Unknown,2,3,Newark,"Multiple shooting in Newark leaves 2 dead, three others hurt"
http://articles.sun-sentinel.com/2014-01-26/news/sfl-four-injured-in-belle-glade-shooting-20140125_1_belle-glade-four-people-shooting,14,21,Unknown,0,4,Belle Glade,Four wounded in Belle Glade shooting
http://www.suntimes.com/25170149-761/1-dead-4-wounded-in-south-side-bar-shooting.html,15,22,Unknown,1,4,Chicago,Chicago : News : Politics : Things To Do : Sports
http://abclocal.go.com/wls/story?id=9406988,15,23,Unknown,1,4,Chicago,"Chicago lounge shooting kills 1, wounds 4 at Rudy&#39;s Lounge in Back of the Yards neighborhood on South Union"
http://www.nbcchicago.com/news/local/5-Shot-1-Killed-in-Shooting-During-Birthday-Party-at-South-Side-Lounge-241957291.html,15,24,Unknown,1,4,Chicago,"1 Dead, 4 Injured in Shooting at Birthday Party in Chicago Lounge"
http://www.wral.com/four-people-shot-behind-church-in-rocky-mount/13332824/,16,25,Unknown,0,4,Rocky Mount,Four people shot behind church in Rocky Mount
http://abclocal.go.com/wtvd/story?section=news/local&id=9409413,16,26,Unknown,0,4,Rocky Mount,Boy clinging to life after 4 shot at Rocky Mount church
http://q13fox.com/2014/01/27/woman-shot-near-pioneer-square/#axzz2riLpuDCJ,17,27,Unknown,1,4,Seattle,5 people shot in Pioneer Square; one woman seriously wounded
http://blogs.seattletimes.com/today/2014/02/woman-who-died-after-jan-27-pioneer-square-shooting-is-idd/,17,28,Unknown,1,4,Seattle,Woman who died after Jan. 27 Pioneer Square shooting is ID'd
http://thebottomline.as.ucsb.edu/2014/01/three-killed-five-injured-during-shooting-in-maryland-mall,18,29,Darion Marcus Aguilar,3,5,Baltimore,"Three Killed, Five Injured During Shooting in Maryland Mall"
http://www.foxbaltimore.com/news/features/top-stories/stories/police-columbia-mall-shooting-victims-were-zumiez-employees-their-20s-24920.shtml,18,30,Darion Marcus Aguilar,3,5,Baltimore,"Baltimore News, Weather, Sports, Breaking News"
http://fox6now.com/2014/01/28/at-least-three-victims-discovered-after-shooting-near-28th-chambers/,19,31,Unknown,0,5,Milwaukee,At least five victims discovered after shooting near 28th & Chambers
http://www.theindychannel.com/news/local-news/multiple-people-shot-in-franklin-home,20,32,Andrew Parish,3,2,Franklin,Multiple people shot in Franklin home
http://www.theindychannel.com/news/local-news/multiple-people-shot-in-franklin-home,20,33,Andrew Parish,3,2,Franklin,Multiple people shot in Franklin home
http://www.chron.com/neighborhood/cyfair/crime-courts/article/Cops-seek-gunman-in-Cypress-shooting-that-killed-4-5200810.php,21,34,Unknown,4,0,Cypress,Cops seek gunman in Cypress shooting that killed 4
http://www.khou.com/news/crime/HCSO-4-found-dead-in-northwest-Harris-County-242872011.html,21,35,Unknown,4,0,Cypress,"Family of 4, including 2 kids, found dead in Cypress home"
http://abclocal.go.com/ktrk/story?section=news/local&id=9418703,21,36,Unknown,4,0,Cypress,Investigators baffled by quadruple murder that left family of four dead in Cypress
http://www.wctv.tv/news/floridanews/headlines/Shooting-At-Perry-Ford-Dealership-243701681.html,22,37,Earl Edward Clauge Jr.,1,3,Perry,Taylor County Deputy Robert Lundy Cleared By Grand Jury
http://www.wtxl.com/news/shooting-at-taylor-county-car-dealership/article_a27a9ab0-8e83-11e3-8e81-0017a43b2370.html,22,38,Earl Edward Clauge Jr.,1,3,Perry,UPDATE: Officer Involved Shooting at Taylor County Car Dealership - Tallahassee News
http://articles.chicagotribune.com/2014-02-06/news/chi-chicago-shootings-at-least-2-shot-on-far-north-side-20140205_1_masked-gunman-police-search-3-others,23,39,Unknown,1,3,Chicago,"Chicago shootings: 1 teen dead, 3 wounded at McDonald's in Rogers Park"
http://abclocal.go.com/wls/story?section=news/local/chicago_news&id=9420949,23,40,Unknown,1,3,Chicago,"Rogers Park shooting: 1 dead, 3 injured in shooting at Pratt Blvd., Clark Street"
http://www.foxnews.com/us/2014/02/07/4-dead-in-apparent-murder-suicide-in-ohio-authorities-say/,24,41,Robert Garza Sr.,4,0,Defiance,"4 dead in apparent murder-suicide in Ohio, authorities say"
http://www.nydailynews.com/news/national/family-members-dead-gruesome-triple-murder-suicide-ohio-house-article-1.1605588,24,42,Robert Garza Sr.,4,0,Defiance,Four family members dead in gruesome triple murder-suicide in Ohio
http://nation.time.com/2014/02/07/ohio-murder-suicide-robert-garza/,24,43,Robert Garza Sr.,4,0,Defiance,Ohio Cops Investigate Possible Robert Garza Murder-Suicide
http://www.wafb.com/story/24662387/four-people-shot-at-lounge-in-eastern-new-orleans,25,44,Unknown,0,4,New Orleans,"WAFB 9 News Baton Rouge, Louisiana News, Weather, Sports"
http://www.nola.com/crime/index.ssf/2014/02/4_people_recovering_after_club.html,25,45,Unknown,0,4,New Orleans,4 people recovering after club shooting in eastern New Orleans
http://www.wwltv.com/news/NOPD-investigates-four-shot-at-New-Orleans-East-nightclub-244208011.html,25,46,Unknown,0,4,New Orleans,NOPD investigates four shot at New Orleans East nightclub
http://abclocal.go.com/wls/story?section=news/local/indiana&id=9430380,26,47,Unknown,0,5,Gary,"5 people, including suspected gunman shot at Safe and Sound Senior Citizen Social Club in Gary, Indiana, shooting"
http://www.sfgate.com/crime/article/One-dead-3-wounded-in-Oakland-shooting-5230506.php,27,48,Unknown,1,3,Oakland,"Oakland shooting kills 1, wounds 3 in Fruitvale"
http://www.kcra.com/news/4-shot-1-killed-in-shooting-at-stockton-park/24443448,28,49,Unknown,1,3,Stockton,"4 shot, 1 killed in shooting at Stockton park"
http://www.fox5vegas.com/story/24738619/2-people-shot-at-wedding-reception,29,50,Peter Andrade,0,5,Las Vegas,Several shot at Las Vegas wedding reception Saturday
http://www.reviewjournal.com/news/several-people-shot-las-vegas-wedding-reception-Saturday,29,51,Peter Andrade,0,5,Las Vegas,Several people shot at Las Vegas wedding reception Saturday
http://lasvegassun.com/news/2014/feb/20/bail-set-suspect-accused-shooting-five-weekend-wed/,29,52,Peter Andrade,0,5,Las Vegas,Bail set for suspect accused of shooting five at weekend wedding reception
http://wlfi.com/2014/02/16/five-injured-in-fort-wayne-shooting/,30,53,Unknown,0,5,Fort Wayne,Five injured in Fort Wayne shooting
http://www.mlive.com/news/saginaw/index.ssf/2014/02/police_1_woman_3_men_shot_outs.html,31,54,Unknown,1,3,Saginaw,"Police: 1 woman, 3 men shot outside Saginaw club recovering at hospital"
http://www.mlive.com/news/saginaw/index.ssf/2014/02/saginaw_police_four_people_sho.html,31,55,Unknown,1,3,Saginaw,Saginaw police: Four people shot at nightclub
http://www.star-telegram.com/2014/02/16/5574682/three-shot-at-fort-worth-stockyards.html,32,56,Unknown,1,4,Fort Worth,"One dead, four wounded at Fort Worth Stockyards"
http://www.firstcoastnews.com/story/news/local/murray-hill-ortega/2014/02/16/fat-kats-shooting/5530199/,33,57,Unknown,1,4,Jacksonville,"1 dead, 4 injured in nightclub shooting"
http://jacksonville.com/news/crime/2014-02-16/story/one-dead-four-injured-shooting-murray-hill-nightclub,33,58,Unknown,1,4,Jacksonville,"One dead, four injured in shooting at Murray Hill nightclub"
http://www.cbsnews.com/news/one-dead-six-injured-after-shooting-at-dallas-nightclub/,34,59,Unknown,1,6,Dallas,"Dallas Nightclub Shooting: One dead, six injured in shooting at teen event"
http://www.nbcdfw.com/news/local/One-Dead-Six-Injured-In-Dallas-Nightclub-Shooting-245753181.html,34,60,Unknown,1,6,Dallas,"One Dead, Six Injured in Dallas Nightclub Shooting"
http://www.dallasnews.com/news/crime/headlines/20140216-one-killed-six-injured-in-gang-related-shooting.ece,34,61,Unknown,1,6,Dallas,"7 shot, one fatally, in gang-related shooting at South Dallas nightclub"
http://www.gainesville.com/article/20140216/WIRE/140219630?Title=One-dead-six-injured-after-shots-fired-at-house-party-,35,62,Unknown,1,6,Pine Hills,"One dead, six injured after shots fired at house party"
http://www.huffingtonpost.com/2014/02/18/officer-shooting-at-shooters_n_4810242.html,36,63,Unknown,0,6,Fort Lauderdale,Shooting At Shooters; 6 Injured At Florida Eatery
"http://www.sun-sentinel.com/fl-shooters-gunshot-20140216,0,3277812.story",36,64,Unknown,0,6,Fort Lauderdale,Shooters shooting: Fort Lauderdale Police are investigating a shooting that appears to be an accident
http://news.yahoo.com/police-4-dead-2-injured-n-calif-shooting-042059615.html,37,65,Cherie Lash Rhoades,4,2,Alturas,"Police: 4 dead, 2 injured in N. Calif. shooting"
http://www.nydailynews.com/news/national/killed-woman-threatened-eviction-california-indian-reservation-cops-article-1.1622207,37,66,Cherie Lash Rhoades,4,2,Alturas,Four killed by woman threatened with eviction from California Indian reservation: cops
http://sanfrancisco.cbslocal.com/2014/02/20/4-dead-2-injured-in-shooting-at-norcal-tribal-headquarters/,37,67,Cherie Lash Rhoades,4,2,Alturas,"Woman Arrested In Deadly Rampage At NorCal Indian Tribal Headquarters; 4 Dead, 2 Critically Hurt « CBS San Francisco"
http://www.theindychannel.com/news/local-news/impd-investigating-reports-of-multiple-cops-shot-on-south-side,38,68,Andrew Sizemore,4,0,Indianapolis,IMPD investigating reports of multiple cops shot on south side
http://wishtv.com/2014/03/05/police-officer-shot-on-southeast-side/,38,69,Andrew Sizemore,4,0,Indianapolis,Police: 4 SWAT officers involved in shooting on southeast side
http://losangeles.cbslocal.com/2014/02/22/4-shot-during-family-party-in-harbor-city/,39,70,Unknown,0,4,Wilmington,4 Shot During Family Party At Wilmington Home « CBS Los Angeles
http://abclocal.go.com/kabc/story?section=news/local/los_angeles&id=9441699,39,71,Unknown,0,4,Wilmington,Wilmington party shooting leaves 4 injured
http://www.tricities.com/news/article_183acf4e-9e20-11e3-b7a7-0017a43b2370.html,40,72,Unknown,4,1,Glade Spring,"4 dead in shooting that erupted from domestic dispute in Glade Spring, Va."
http://www.hickoryrecord.com/news/us/article_119bf646-9e24-11e3-be59-0017a43b2370.html,40,73,Unknown,4,1,Glade Spring,"UPDATED: Four dead in Glade Spring, Va. shooting - HDR"
http://abclocal.go.com/wls/story?section=news/local&id=9446990%5D(Man,41,74,John Conta Jr.,4,0,Oak Lawn,"Oak Lawn fire victims shot; 4 found dead ID&#39;d as Matthew Meier, Janice Conta, John Conta Sr., John Conta Jr."
http://pittsburgh.cbslocal.com/2014/03/01/1-killed-in-homewood-shooting/,42,75,Unknown,1,4,Pittsburgh,"Man Killed, 4 Others Injured In Homewood Shooting « CBS Pittsburgh"
http://www.freep.com/article/20140228/NEWS01/302280128/Four-people-shot-in-Detroit,43,76,Xzavier Tyrone Mazyck,0,4,Detroit,4 people shot at Detroit tax business in dispute over refund
http://www.foxcarolina.com/story/24895264/deputies-respond-to-shooting-in-pelzer,44,77,"Jared Michael Williams, and Hope Phillips",3,1,Pelzer,Suspects in Pelzer triple homicide case to go before judge
http://abclocal.go.com/kgo/story?section=news/local/east_bay&id=9459909,45,78,Unknown,1,3,Richmond,Richmond police investigate shooting that left one person dead and three injured
http://www.sfgate.com/crime/article/Man-killed-3-hurt-in-North-Richmond-shooting-5301713.php,45,79,Unknown,1,3,Richmond,"Man killed, 3 hurt in North Richmond shooting"
http://fox6now.com/2014/03/09/four-teens-shot-while-inside-vehicle-one-critically-injured/,46,80,Unknown,0,4,Milwaukee,"Four teens shot while inside vehicle, one critically injured"
http://www.suntimes.com/news/metro/26090624-418/orr-star-among-6-shot-at-party.html,47,81,Patrick Calhoun,0,6,Chicago,Chicago : News : Politics : Things To Do : Sports
http://abclocal.go.com/wls/story?section=news/local/chicago_news&id=9459725,47,82,Patrick Calhoun,0,6,Chicago,Orr Academy basketball player among 6 shot at Austin party
http://www.nbcchicago.com/news/local/Man-Charged-After-6-Shot-at-West-Side-House-Party-249578131.html,47,83,Patrick Calhoun,0,6,Chicago,Man Charged After 6 Shot at West Side House Party
http://www.newsnet5.com/news/state/3-killed-2-wounded-in-fremont-overnight-nightclub-shootings,48,84,Igmidio Mista,3,1,Fremont,Police on the hunt for homicide suspect Igmidio Mista in Fremont triple murder that killed cop
http://abclocal.go.com/wabc/story?section=news/local/new_york&id=9467017,49,85,Two Unknown,0,4,Brooklyn,Police searching for gunman in shootings of 4 youngsters in Brooklyn
http://www.kfvs12.com/story/25046780/4-hurt-1-in-custody-after-shooting-at-bar-in-sikeston,52,86,Antonio Marcel Flenoid ,0,4, Sikeston,"4 hurt, 2 brothers in custody after shooting at bar in Sikeston"
http://www.wmbfnews.com/story/25045920/four-wounded-after-shooting-at-a-north-charleston-club,53,87,Unknown,0,4,North Charlston,Suspect arrested in N. Charleston club shooting
http://crimeblog.dallasnews.com/2014/03/one-dead-three-injured-after-arlington-sports-bar-shooting.html/,54,88,Alvin Bell,1,3,Arlington,Update: Police arrest man in connection with Arlington sports bar shooting
http://sanfrancisco.cbslocal.com/2014/03/24/no-arrests-after-7-injured-in-sf-tenderloin-drive-by-shooting/,55,89,Unknown,0,7,San Francisco,No Arrests After 7 Injured In San Francisco Tenderloin Drive-By Shooting « CBS San Francisco
"http://www.latimes.com/local/lanow/la-me-ln-fatal-shooting-long-beach-restaurant-20140324,0,2537437.story",56,90,Unknown,1,3,Long Beach,"Man killed, three injured in shooting outside Long Beach restaurant"
http://abclocal.go.com/ktrk/story?section=news/state&id=9489479,59,91,Ivan Lopez,4,16,Kileen,"ABC News: Fort Hood shooter responsible for 3 three deaths, 16 injuries IDed as Ivan Lopez"
http://www.chron.com/news/houston-texas/houston/article/Fort-Hood-gunman-kills-3-soldiers-then-himself-5372059.php,59,92,Ivan Lopez,4,16,Kileen,"Fort Hood gunman kills 3 soldiers, then himself"
http://rt.com/usa/fort-hood-shooting-lockdown-969/,59,93,Ivan Lopez,4,16,Kileen,"Shooter among 4 dead in Fort Hood spree, 16 people injured — RT USA"
http://www.bbc.com/news/world-us-canada-26863033,59,94,Ivan Lopez,4,16,Kileen,US Army Fort Hood murder-suicide: Soldier kills three
http://edition.cnn.com/2014/04/02/us/fort-hood-shooting/index.html,59,95,Ivan Lopez,4,16,Kileen,"4 dead, including shooter, at Fort Hood"
http://www.washingtonpost.com/news/post-nation/wp/2014/04/02/fort-hood-shelter-in-place-order-amid-reports-of-shooting/,59,96,Ivan Lopez,4,16,Kileen,"Four killed in shooting at Fort Hood; gunman dead, multiple injuries"
http://www.wxyz.com/news/region/detroit/7-people-injured-during-shooting-on-detroits-east-side,60,97,Unknown,0,4,Detroit,Four people injured during an overnight shooting on Detroit's east side
http://abclocal.go.com/wls/story?section=news/local/chicago_news&id=9492677,61,98,Unknown,1,5,Chicago,ABC7 WLS Chicago and Chicago News
http://www.dnainfo.com/chicago/20140405/west-garfield-park/man-dies-after-being-shot-at-west-garfield-park-party-five-others-wounded,61,99,Unknown,1,5,Chicago,Man Dies After Being Shot at West Garfield Park Party; Five Others Wounded
http://www.abc15.com/news/region-phoenix-metro/west-phoenix/pd-1-dead-3-injured-after-shooting-at-neighboring-parties,62,100,Unknown,1,3,Phoenix,"PD: 1 dead, 3 injured after shooting at neighborhood parties"
http://www.sandiego6.com/news/state-news/254057061.html,62,101,Unknown,1,3,Phoenix,"San Diego 6 News, The CW (XETV) – News, Weather, Traffic, Sports"
http://abclocal.go.com/kgo/story?section=news/local/north_bay&id=9493728,63,102, Unknown,0,4,Fairfield,Four juveniles injured in shooting outside Fairfield house party
http://www.koco.com/news/4-hurt-in-oklahoma-city-club-shooting/25346772,64,103,Unknown,0,4,Oklahoma City,4 hurt in Oklahoma City club shooting
http://www.news9.com/story/25176032/neighborhood-on-edge-after-shooting-at-nw-okc-club,64,104,Unknown,0,4,Oklahoma City,"Neighborhood On Edge After Shooting At NW OKC Club - News9.com - Oklahoma City, OK - News, Weather, Video and Sports"
http://www.masslive.com/news/index.ssf/2014/04/4_people_wounded_in_springfiel.html,65,105,Unknown,0,4,Springfield,5 people wounded in Springfield shootings
http://www.rrstar.com/article/20140410/NEWS/140419948/10448/NEWS,67,106,Unknown,0,5,Rockford,Several Rockford teens injured by birdshot
http://www.wwl.com/pages/18797373.php?contentType=4&contentId=15047837,70,107,Unknown,1,3,New Orleans,Sports - One Dead In Quadruple 7th Ward Shooting
http://www.wrcbtv.com/story/25208440/chattanooga-police-investigating-a-shooting,71,108,Derek Morse,3,1,Lookout Valley,"UPDATE: Suspect in triple murder arrested, victims named - WRCBtv.com"
http://www.wusa9.com/story/news/local/dc/2014/04/14/four-shot-in-southeast-dc/7691681/,72,109,Unknown,0,4,Washington,Police looking for suspects in quadruple shooting in DC
http://wgntv.com/2014/04/21/5-children-injured-in-south-side-shooting/,75,110,Unknown,0,5,Chicago,5 children injured in South Side shooting
http://minnesota.cbslocal.com/2014/04/20/4-shot-1-dead-3-arrested-in-mankato-shooting/,77,111,Kim Tong Yik Doluony,1,3,Mankato,"4 Shot, 1 Dead, 3 Arrested In Mankato Shooting « CBS Minnesota"
http://wgntv.com/2014/04/21/6-shot-at-easter-party-in-montgomery/,78,112,Unknown,0,6,Montgomory,6 shot at Easter party in Montgomery
http://abclocal.go.com/ktrk/story?section=news/local&id=9514647,79,113,Unknown,1,3,Houston,"One dead, several wounded in shooting at after-hours club in southwest Houston"
http://www.wmctv.com/story/25338203/2-people-dead-3-injured-in-early-morning-shooting,80,114,Unknown,2,3,Memphis,"2 dead, 3 injured in shooting outside club"
http://www.northwestgeorgianews.com/rome/police-release-second-statement-about-chevy-club-shooting/article_804577d8-cd3c-11e3-92c1-0017a43b2370.html,81,115,Unknown,1,3,Rome,Police release second statement about Chevy Club shooting
http://www.cnn.com/2014/04/29/justice/georgia-fedex/index.html?hpt=hp_t2,83,116,Geddy Kramer,1,6,Cobb County,"Police: FedEx worker wounds 6 in Georgia, then kills himself"
http://www.usatoday.com/story/news/nation/2014/04/29/shooting-at-fedex-facility-near-atlanta/8449315/,83,117,Geddy Kramer,1,6,Cobb County,"'Rambo' gunman injures 6 at FedEx facility, kills self"
http://chicago.cbslocal.com/2014/04/30/four-wounded-in-south-shore-shooting-2/,84,118,Unknown,0,4,Chicago,Four Wounded In South Shore Shooting « CBS Chicago
http://www.chron.com/news/houston-texas/houston/article/4-injured-in-shooting-at-after-prom-party-in-5450776.php,86,119,Unknown,0,4,Houston,4 injured in shooting at after-prom party in horse barn
http://abc7chicago.com/archive/9527250/,88,120,Unknown,0,4,Chicago,4 injured in River North shooting
http://www.thedenverchannel.com/news/local-news/shooting-at-wheat-ridge-hotel-police-say-4-people-may-have-been-shot-no-suspect-in-custody-050314,89,121,Unknown,0,4,Wheat Ridge,Shooting at Wheat Ridge hotel: Police say 4 people were shot; no suspect in custody
http://www.pennlive.com/midstate/index.ssf/2014/05/florida_man_shot_family_set_fi.html,90,122,Darrin Campbell ,4,0,Tampa,"Florida man shot family, set fireworks-filled house on fire, then killed himself: police"
http://www.cnn.com/2014/05/09/justice/florida-blake-mansion-deaths/,90,123,Darrin Campbell ,4,0,Tampa,"Deaths at tennis star's mansion were murder-suicide, police say"
http://www.theguardian.com/world/2014/may/09/man-kills-himself-three-members-california-family,91,124,Unknown,4,0,Pomona,Man kills himself and three members of California family
http://www.latimes.com/local/lanow/la-me-ln-four-dead-pomona-murder-suicide-20140509-story.html,91,125,Unknown,4,0,Pomona,"Gunman shoots family of three in Pomona murder-suicide, police say"
http://sacramento.cbslocal.com/2014/05/10/1-dead-multiple-shot-near-sacramento-park/,92,126,Unknown,1,6,Sacramento,"1 Dead, 6 Hurt After Shooting At Baby’s Birthday Party « CBS Sacramento"
http://www.wsbtv.com/news/news/local/2-men-sought-after-baby-shot-killed-dekalb-home-in/nftWg/,93,127,Oslushla Smith,1,3,DeKalb,"2 sought after baby shot, killed in DeKalb home invasion"
http://www.wmcactionnews5.com/story/25488030/seven-people-shot-outside-of-a-memphis-nightclue,94,128,Unknown,0,7,Memphis,7 people shot outside of a Memphis nightclub
http://www.upi.com/Top_News/US/2014/05/11/Killeen-Texas-police-shooting-Officer-dies/3931399854346/,95,129,Marvin Louis Guy,1,3,Kileen,"Police officer in Killeen, Texas, dies from gunshot injury"
http://www.dnainfo.com/chicago/20140513/little-village/little-village-shooting-leaves-four-men-wounded,97,130,Unknown,0,4,Chicago,Little Village Shooting Leaves Four Men Wounded
http://www.wmcactionnews5.com/story/25506522/3-shot-near-therrell-high-school-in-sw-atlanta,98,131,Marcellus Brooks,0,5,Atlanta,"Three still in hospital, accused teen shooter faces judge"
http://www.washingtonpost.com/local/crime/five-wounded-in-shooting-outside-strip-club-in-northeast-washington/2014/05/17/0c630764-ddcb-11e3-b745-87d39690c5c0_story.html,99,132,unknown,0,5,Washington,Five wounded in shooting outside strip club in Northeast Washington
http://fox8.com/2014/05/18/1-badly-beaten-7-shot-during-incident-at-sports-bar/,101,133,Unknown,0,7,Sandusky,"1 Badly Beaten, 7 Shot During Incident at Sports Bar"
http://ktla.com/2014/05/17/coachella-shooting-leaves-teenage-boy-dead-3-injured/#axzz32eab06Sn,102,134,Unknown,1,3,Coachella,"Coachella Shooting Leaves Teenage Boy Dead, 3 Injured"
http://www.nbcdfw.com/news/local/Quadruple-Shooting-at-Dallas-Shopping-Center-260202931.html,103,135,Jarmon Phillips,1,3,Dallas,Quadruple Shooting at Dallas Shopping Center
http://www.nytimes.com/2014/05/25/us/california-drive-by-shooting.html,104,136,Elliot Rodger,4,8,Santa Barbara,"Video Rant, Then Deadly Rampage in California Town"
http://www.reuters.com/article/2014/05/24/us-usa-shooting-california-idUSBREA4N05120140524,104,137,Elliot Rodger,4,8,Santa Barbara,Police defend actions following California college town killings
http://ktla.com/2014/05/23/quadruple-shooting-in-bellflower-leaves-3-hospitalized/#axzz32eab06Sn,105,138,Unknown,1,3,Bellflower,"1 Dead, 3 Hospitalized in Quadruple Shooting in Bellflower"
http://www.wdsu.com/news/local-news/new-orleans/nopd-boy-15-killed-others-injured-in-overnight-shooting-on-eads-street/26152954,106,139,Unknown,1,7,New Orleans,"Teen killed, 7 others injured in shooting at graduation party"
http://www.monroenews.com/news/2014/may/26/police-1-killed-3-others-hurt-toledo-shooting/,109,140,Unknown,1,3,Toledo,"Police: 1 killed, 3 others hurt in Toledo shooting"
http://www.usatoday.com/story/news/nation/2014/05/25/myrtle-beach-shooting/9569305/,110,141,Unknown,3,1,Myrtle Beach,"3 dead, 1 hurt in shooting at Myrtle Beach motel"
http://www.nbclosangeles.com/news/local/Four-Bodies-Found-in-Mission-Viejo-Home-260791721.html,112,142,Michael Harrison Davis Sheer,4,0,Mission Viejo,Family of Four Killed in Mission Viejo Murder-Suicide
http://www.latimes.com/local/la-me-0530-murder-suicide-20140530-story.html,112,143,Michael Harrison Davis Sheer,4,0,Mission Viejo,Family identified in Mission Viejo murder-suicide
http://brooklyn.news12.com/news/4-injured-in-shooting-near-1191-prospect-place-in-crown-heights-1.8295291,113,144,Unknown,0,4,Brooklyn,4 injured in shooting near 1191 Prospect Place in Crown Heights
http://www.sbsun.com/general-news/20140601/san-bernardino-drive-by-shooting-kills-one-sends-three-to-hospital,114,145,Unknown,1,3,San Bernardino,"San Bernardino drive-by shooting kills one, sends three to hospital"
http://blog.pe.com/breaking-news/2014/06/01/san-bernardino-drive-by-shooting-kills-1-wounds-3/,114,146,Unknown,1,3,San Bernardino,"SAN BERNARDINO: Drive-by shooting kills 1, wounds 3"
http://www.dnainfo.com/chicago/20140601/austin/teen-killed-five-others-injured-austin-shooting,115,147,Unknown,1,5,Chicago,"Teen Killed, Five Others Injured in Austin Shooting"
http://fox40.com/2014/06/01/sacramento-driveby-shooting-leaves-3-wounded/,116,148,Unknown,0,4,Sacramento,Sacramento Drive-by Shooting leaves 4 Wounded
http://www.wsbtv.com/news/news/4-shot-1-killed-auburn-avenue/ngCYg/,117,149,Unknown,1,4,Atlanta,"5 shot, 1 killed on Auburn Avenue"
http://blogs.seattletimes.com/today/2014/06/shooting-on-seattle-pacific-campus-2-victims-reported/,118,150,Aaron Ybarra,1,3,Seattle,The breaking account of the shooting at Seattle Pacific University
http://www.live5news.com/story/25719421/1-dead-4-injured-in-berkeley-co-shooting,119,151,Unknown,1,4,Moncks Corner,Suspect sought in fatal Berkeley Co. block party shooting - Live5News.com
http://detroit.cbslocal.com/2014/06/08/2-suspects-in-custody-after-shooting-in-oak-park-leaves-1-dead-3-injured/,120,152,Unreleased,1,3,Oak Park,"2 Suspects In Custody After Shooting In Oak Park Leaves 1 Dead, 3 Injured « CBS Detroit"
http://www.mynews3.com/mostpopular/story/Tragic-day-Five-killed-including-2-Metro-officers/D9ijUJ5li0WVolLrKpXz6A.cspx,121,153,Jerad Miller & Amanda Miller,5,0,Las Vegas,"'Tragic day': Five killed, including 2 Metro officers"
http://www.lasvegassun.com/news/2014/jun/08/two-officers-shot-cicis-nellis-suspects-run-wal-ma/,121,154,Jerad Miller & Amanda Miller,5,0,Las Vegas,"Two officers, three others dead in shootings at restaurant, Wal-Mart"
http://www.8newsnow.com/story/25723142/breaking-news-2-metro-officers-shot-near-nellis-and-stewart,121,155,Jerad Miller & Amanda Miller,5,0,Las Vegas,Suspect arrested after overnight police chase - Story
http://www.rawstory.com/rs/2014/06/09/florida-sheriff-man-guns-down-3-daughters-wife-himself-in-everyday-usa-mass-killing/,122,156,Sonny Enrique “Quique” Medina,5,0,San Carlos Park,"Man guns down 3 daughters, wife, himself in ‘everyday USA’ mass killing"
http://www.wsfa.com/story/25722331/arrest-made-after-4-injured-1-killed-in-opp-club-shooting,123,157,Kanavis Malik Cole,1,4,Opp,"Arrest made after 4 injured, 1 killed in Opp club shooting"
http://www.suntimes.com/news/27972053-761/3-dead-2-wounded-in-domestic-shooting-in-ashburn.html#.U6DF8PldV8E,124,158,Edward Prince,3,1,Chicago,Chicago : News : Politics : Things To Do : Sports
http://www.northjersey.com/news/drive-by-shooting-in-paterson-leaves-six-people-wounded-1.1032409,125,159,Delshawn Lowery,0,6,Paterson,Drive-by shooting in Paterson leaves six people wounded
http://ktla.com/2014/06/14/3-killed-1-injured-in-south-l-a-shooting-investigation-underway/#axzz34dEzt0K2,126,160,Unknown,3,1,Los Angelas,"South L.A. Quadruple Shooting Leaves 3 Dead, 1 Injured"
http://chicago.cbslocal.com/2014/06/15/four-people-shot-at-party-in-park-forest/,128,161,Unknown,0,4,Park Forest,Four People Shot At Party In Park Forest « CBS Chicago
http://www.csnwashington.com/article/police-gambling-dispute-leads-4-shot,129,162,Unknown,0,4,Seat Pleasant,Police: Gambling Dispute Leads to 4 Shot
http://www.washingtonpost.com/local/seat-pleasant-shooting-leaves-4-men-injured/2014/06/21/096867e8-f94b-11e3-8aa9-dad2ec039789_story.html,129,163,Unknown,0,4,Seat Pleasant,Seat Pleasant shooting leaves 4 men injured
http://www.walb.com/story/25850437/five-teens-shot-after-midnight-basketball-tournament,130,164,Unknown,0,5,Memphis,Five teens shot after midnight basketball tournament
http://sanfrancisco.cbslocal.com/2014/06/22/teenager-killed-3-hurt-early-morning-shooting-windsor/,131,165,Unknown,1,3,Windsor,"Teenager Killed, 3 Hurt In Windsor Shooting, Suspect At Large « CBS San Francisco"
http://sfbay.ca/2014/06/22/teen-15-fatally-shot-at-windsor-house-party/,131,166,Unknown,1,3,Windsor,SFBay :: San Francisco Bay Area News and Sports
http://edition.cnn.com/2014/06/24/us/miami-shooting/,132,167,Unknown,2,7,Miami,Rescue official: 2 die in Miami shooting
http://www.miamiherald.com/2014/06/24/4197904/miami-police-up-to-10-people-shot.html,132,168,Unknown,2,7,Miami,"Tragedy in Liberty City: 2 dead, 7 wounded in shooting"
http://www.bostonherald.com/news_opinion/local_coverage/2014/06/5_people_shot_at_massachusetts_birthday_party,133,169,Unknown,0,5,Lowell,5 people shot at Massachusetts birthday party
http://fox6now.com/2014/06/27/teen-altercation-leads-to-shoot-out-three-of-five-people-injured-released-from-hospital/,134,170,Unknown,0,5,Milwaukee,"Teen altercation leads to shoot out, three of five people injured released from hospital"
http://www.contracostatimes.com/antioch/ci_26057264/seven-injured-shooting-at-antioch-home,136,171,Unknown,0,7,Antioch,Seven injured in shooting at Antioch home
http://www.reuters.com/article/2014/06/29/us-usa-california-shooting-idUSKBN0F40UL20140629,138,172,Unknown,1,4,Los Angeles,One killed in Los Angeles at unofficial BET awards pre-party
http://www.latimes.com/local/lanow/la-me-ln-bet-awards-shooting-20140629-story.html,138,173,Unknown,1,4,Los Angeles,"1 dead, 4 hurt after BET Awards party shooting in East Hollywood"
http://www.usatoday.com/story/news/nation/2014/06/29/bourbon-street-shooting/11703789/,139,174,Unknown,1,8,New Orleans,Shooting on New Orleans' famed Bourbon St. injures 9
http://www.latimes.com/nation/nationnow/la-na-nn-nine-injured-in-shooting-on-bourbon-street-20140629-story.html,139,175,Unknown,1,8,New Orleans,Shooting on New Orleans' Bourbon Street injures 9; 'He ran right by me'
http://www.10news.com/news/relatives-say-victim-in-shooting-at-mobile-home-park-near-imperial-beach-was-a-stepfather-06292014,140,176,unknown,1,3,San Diego,Relatives say victim in shooting at mobile home park near Imperial Beach was a stepfather
http://www.nbcsandiego.com/news/local/Imperial-Beach-Fatal-Shooting-Egger-Highlands-Cathy-Street-265041541.html,140,177,unknown,1,3,San Diego,"1 Killed, 3 Injured in Egger Highlands Shooting"
http://www.kentucky.com/2014/07/01/3317489/4-women-shot-at-lexington-house.html,141,178,Unknown,1,3,Lexington,4 women shot at Lexington house; one has life-threatening injuries
http://www.delcotimes.com/general-news/20140702/cops-consider-link-between-chester-shootings,142,179,Unknown,0,5,Chester Township,Cops consider link between Chester shootings
http://www.nbcphiladelphia.com/news/local/2-Kids-3-Adults-Shot-at-Chester-Basketball-Court-265499631.html,142,180,Unknown,0,5,Chester Township,"2 Teens, 3 Adults Shot at Chester Basketball Court"
http://www.oregonlive.com/portland/index.ssf/2014/07/one_dead_four_injured_followin.html,143,181,Unknown,1,4,Portland,"One dead, four injured in 'gang-related shooting' at Soobie's strip club in Southeast Portland"
http://hamptonroads.com/2014/07/norfolk-police-focus-shooting-injured-7,144,182,Unknown,0,7,Norfolk,Norfolk police focus on shooting that injured 7
http://abc13.com/news/6-hurt-after-shooting-at-houston-caribbean-festival/158283/,145,183,Unknown,0,4,Houston,6 hurt after shooting at Houston Caribbean Festival
http://wivb.com/2014/07/07/four-men-shot-on-erb-street/,148,184,Unknown,0,4,Buffalo,Four men shot on Erb Street
http://stlouis.cbslocal.com/2014/07/06/four-shot-outside-northside-club/,150,185,Unknown,0,4,St Louis,Four Shot Outside Northside Club « CBS St. Louis
http://www.wkyt.com/home/headlines/Four-injured-in-Pike-Co-shooting-266060871.html,151,186,Unknown,0,4,Stopover,Four injured in Pike County shooting
http://ktla.com/2014/07/08/police-searching-for-gunman-after-shooting-in-san-bernardino-leaves-1-person-dead-4-injured/,153,187,Unknown,1,4,San Bernardino,"1 Dead, 4 Injured After Shooting in San Bernardino; Police Searching for 2 Gunmen"
http://www.providencejournal.com/breaking-news/content/20140709-five-people-shot-in-providence-police-searching-for-shooters-and-increasing-patrols.ece,154,188,Unknown,0,5,Providence,"Five people shot in Providence, police search for shooters, increase patrols"
http://www.deseretnews.com/article/865606660/Utahn-accused-of-killing-6-in-Texas-was-ordered-to-stay-away-from-ex-wife.html,155,189,Ronald Lee Haskell,6,1,Houston,Ex-Utahn accused of killing 6 in Texas was ordered to stay away from ex-wife
http://www.nytimes.com/2014/07/11/us/man-being-held-in-killing-of-six-in-houston.html?_r=0,155,190,Ronald Lee Haskell,6,1,Houston,Man Being Held in Killing of Six in Houston
http://www.latimes.com/local/lanow/la-me-ln-at-least-one-killed-in-pasadena-shooting-police-said-20140712-story.html,156,191,John Izeal Smith,3,2,Pasadena,"Three people killed in Pasadena shooting; 'horrific day,' police chief says"
http://ktla.com/2014/07/13/first-of-3-victims-identified-in-fatal-pasadena-shooting/,156,192,John Izeal Smith,3,2,Pasadena,2 Victims Identified in Fatal Pasadena Shooting That Left 3 Dead
http://www.sacbee.com/2014/07/13/6553124/five-people-shot-one-dead-in-early.html,157,193,Unknown,1,4,Sacramento,"One dead, 4 wounded in early-morning shootout in Sacramento"
http://blogs.seattletimes.com/today/2014/07/five-people-injured-in-skyway-shooting-early-this-morning/,158,194,Unknown,0,5,Skyline,Five people injured in Skyway shooting early this morning
http://stamford.dailyvoice.com/police-fire/five-people-shot-downtown-stamford-incident-caught-video,159,195,Unknown,0,5,Stamford,Five People Shot In Downtown Stamford; Incident Caught On Video
http://stamford.patch.com/groups/police-and-fire/p/five-shot-in-stamford-suspect-in-custody,159,196,Unknown,0,5,Stamford,"Five Shot Outside Stamford Bar, Suspect in Custody"
"http://www.chicagotribune.com/news/local/breaking/chi-chicago-shootings-violence-20140719,0,5419990.story",160,197,Unknown,1,4,Chicago,"5 shot at Chicago block party, 11 shot elsewhere"
http://www.lasvegassun.com/news/2014/jul/20/one-dead-three-inured-drive-by-shooting/,163,198,Unknown,1,3,Las Vegas,"One dead, three injured in drive-by shooting"
http://www.nj.com/essex/index.ssf/2014/07/six_injured_after_fight_ends_in_gunfire_in_irvington_police_say.html,164,199,Unknown,0,6,Irvington,"Six injured after fight ends in gunfire in Irvington, police say"
http://www.kentreporter.com/news/267863071.html,165,200,Unknown,1,4,Kent,"Suspect killed, 4 police officers hurt in shootout, explosion"
http://wreg.com/2014/07/22/five-injured-in-foote-homes-shootings/,166,201,Unknown,0,4,Memphis,Four teens shot in Foote Homes
http://blog.pe.com/crime/2014/07/25/moreno-valley-gunman-in-fatal-shooting-spree-idd/,167,202,Alex Anderson,3,1,Moreno Valley,"MORENO VALLEY: Gunman, 1st victim in fatal shooting spree ID'd"
http://pittsburgh.cbslocal.com/2014/07/23/at-least-2-shot-in-north-braddock/,168,203,Unknown,0,4,Pittsburgh,N. Braddock Shooting May Be In Retaliation To Rankin Shooting « CBS Pittsburgh
http://www.nbcchicago.com/news/local/Multiple-People-Shot-on-Chicagos-West-Side-268669332.html,169,204,Unknown,1,6,Chicago,"13-Year-Old Boy Killed, 6 More Shot on Chicago's West Side"
http://www.katv.com/story/26123434/2014/07/27/4-shot-1-dead-in-pine-bluff-shooting,170,205,Unknown,1,3,Pine Bluff,"Little Rock News, Weather, Sports, Breaking News"
http://www.walb.com/story/26119457/seven-teens-shot-in-sylvester,171,206,Unknown,0,7,Sylvester,"WALB.com, South Georgia News, Weather, Sports"
http://www.mlive.com/news/kalamazoo/index.ssf/2014/07/4_wounded_in_shooting_at_off-c.html,172,207,Unknown,0,4,Kalamazoo,4 wounded in shooting at off-campus apartments near Western Michigan University
http://www.reuters.com/article/2014/07/28/us-usa-maine-saco-idUSKBN0FX01J20140728,173,208,Joel Smith,5,0,Saco,Family of five found shot dead in Maine home: police
http://www.nbcwashington.com/news/national-international/268811921.html,173,209,Joel Smith,5,0,Saco,5 Family Members Found Dead in Maine Home
http://www.wcsh6.com/story/news/local/2014/08/03/funerals-for-saco-shooting-victims/13544459/,173,210,Joel Smith,5,0,Saco,Funerals scheduled for Saco shooting victims
http://www.philly.com/philly/news/1_killed_in_Feltonville_shooting.html,174,211,Unknown,1,4,Philadelphia,"1 killed, 4 wounded in Feltonville shooting"
http://online.wsj.com/articles/two-u-s-marshals-nypd-detective-shot-in-new-york-city-1406570113,175,212,Charles Mozdir,1,3,New York,"Shooting Injures Two U.S. Marshals, NYPD Detective In West Village"
http://philadelphia.cbslocal.com/2014/08/01/child-reportedly-shot-in-grays-ferry/,177,213,Unknown,1,3,Philadelphia,"Police: 3-Year-Old Girl Killed, 3 Adults Injured In Grays Ferry Shooting « CBS Philly"
http://www.nbcdfw.com/news/local/Four-Shot-3-Dead-in-Dallas-Shooting--269669971.html,178,214,Unknown,3,1,Dallas,"Four Shot, Three Dead in Dallas Shooting"
http://philadelphia.cbslocal.com/2014/08/02/man-killed-5-others-shot-outside-pa-bar/,179,215,Unknown,1,5,Pittsburgh,"Man Killed, 5 Others Shot Outside PA Bar « CBS Philly"
http://bostonherald.com/news_opinion/local_coverage/2014/08/7_shot_after_argument_outside_new_bedford_bar,180,216,Unknown,0,7,New Bedford,7 shot after argument outside New Bedford bar
http://www.nj.com/salem/index.ssf/2014/08/4_teenagers_shot_in_salem_city_authorities_say_its_part_ongoing_feud.html,181,217,Unknown,0,4,Salem City,4 teenagers shot in Salem City; authorities say it's part of ongoing feud with Camden
http://www.nbcwashington.com/news/local/Five-Found-Dead-in-Culpeper-Virginia-Home-269806131.html,182,218,Clarence Washington,5,0,Culpeper,"Family of Five Found Dead in Culpeper, Virginia Home"
http://www.nydailynews.com/news/national/family-found-dead-northern-virginia-home-article-1.1890953,182,219,Clarence Washington,5,0,Culpeper,"Va. dad kills wife, 3 kids before turning gun on self: cops"
http://www.khou.com/story/news/crime/2014/08/03/mass-shooting-houston-night-club/13542329/,183,220,Unknown,0,6,Houston,Several wounded in shooting outside northwest Houston night club
http://www.stltoday.com/news/local/crime-and-courts/five-wounded-in-st-louis-shooting/article_03615f36-5610-5475-887e-c4b02ecee90c.html,184,221,Unknown,0,5,St. Louis,Five wounded in St. Louis shooting
http://fox6now.com/2014/08/02/breaking-multiple-gunshot-victims-reported-at-beloit-park/,185,222,Unknown,1,3,Beloit,"Beloit police: One dead, three injured after shooting incident in Summit Park Saturday"
http://columbiadailyherald.com/news/local-news/five-wounded-east-side-shooting,186,223,Unknown,0,4,Columbia,Five wounded in East Side shooting
http://columbiadailyherald.com/news/local-news/five-wounded-east-side-shooting,187,224,Unknown,0,5,Atlanta,Five wounded in East Side shooting
http://www.wect.com/story/26206212/3-dead-1-injured-in-fayetteville-shooting,188,225,Unknown,3,1,Fayetteville,"FAYETTEVILLE: 3 dead, 1 injured in Fayetteville shooting"
http://www.turnto23.com/news/local-news/late-night-shooting-in-east-bakersfield-leaves-several-people-injured-080614,189,226,Unknown,3,1,Bakersfield,Late night shooting in East Bakersfield leaves several people injured
http://voices.suntimes.com/news/breaking-news/three-hurt-in-shooting-outside-goose-island-night-club/,190,227,Unknown,0,4,Chicago,Chicago : News : Politics : Things To Do : Sports
http://chicago.cbslocal.com/2014/08/06/four-wounded-in-goose-island-nightclub-shooting/,190,228,Unknown,0,4,Chicago,Four Wounded In Goose Island Nightclub Shooting « CBS Chicago
http://www.kansas.com/2014/08/07/3585741/three-shot-at-apartment-complex.html,191,229,Unknown,0,4,Wichita,"At least 4 shot during clash at apartment complex at 25th, Grove"
http://www.kake.com/home/headlines/Four-shot-at-Wichita-apartment-complex-270306461.html,191,230,Unknown,0,4,Wichita,Man dies after shooting at Wichita apartment complex
http://www.koat.com/news/four-shot-near-carlisle-candelaria/27378416?_escaped_fragment_=bzz1Te#!bzz1Te,193,231,Marcos Delgado,1,3,Albuquerque,"1 killed, 3 injured in Albuquerque shooting"
http://www.koat.com/news/1-dead-3-wounded-in-albuquerque-shooting/27401650,193,232,Marcos Delgado,1,3,Albuquerque,"1 dead, 3 wounded in Albuquerque shooting"
http://fox6now.com/2014/08/09/milwaukee-police-six-shot-injured-in-three-separate-shooting-incidents/,194,233,Unknown,0,4,Milwaukee,"Violent Friday night, Saturday morning in Milwaukee: Six shot in three separate incidents"
http://minnesota.cbslocal.com/2014/08/09/several-people-shot-inside-dt-mpls-nightclub/,197,234,Unknown,0,9,Minneapolis,Viking Among Shooting Victims At Mpls. Nightclub « CBS Minnesota
http://www.dispatch.com/content/stories/local/2014/08/10/man-killed-4-teens-hurt-in-separate-shootings.html,198,235,Unknown,0,4,Columbus,"Man killed, 4 teens hurt in separate shootings"
http://www.10tv.com/content/stories/2014/08/09/columbus-parsons-teens-shot-after-fight.html,198,236,Unknown,0,4,Columbus,Four Teens Injured In Southeast Columbus Shooting
http://6abc.com/news/police-argument-leads-to-4-struck-in-feltonville-shooting/250999/,199,237,Unknown,0,4,Philadelphia,Man charged in Feltonville quadruple shooting
http://www.theguardian.com/world/2014/aug/11/two-dead-five-injured-new-orleans,200,238,Unknown,2,5,New Orleans,Two dead and children aged two and four critical after New Orleans shooting
http://bigstory.ap.org/article/police-2-slain-5-hurt-new-orleans-shooting,200,239,Unknown,2,5,New Orleans,"Police: 2 slain, 5 hurt in New Orleans shooting"
http://abc7.com/news/moreno-valley-house-party-shooting-7-injured/251363/,202,240,Unknown,0,7,Moreno Valley,Moreno Valley house party shooting: 7 injured
http://www.washingtonpost.com/local/crime/six-injured-in-shooing-in-southwest-dc/2014/08/10/01dcb296-20a0-11e4-86ca-6f03cbd15c1a_story.html,203,241,Unknown,0,6,Washington DC,Six injured in shooting in Southwest D.C.
http://www.buffalonews.com/city-region/police-blotter/2-teens-killed-in-separate-shootings-police-know-identity-of-gunman-who-killed-14-year-old-20140812,204,242,Unknown,2,3,Buffalo,2 teens killed in separate shootings; police know identity of gunman who killed 14-year-old
http://patch.com/georgia/cartersville/sheriff-bartow-shooter-fired-12-people-15-minute-shooting-spree#.U-__TmMzOSo,205,243,Austin Denzell Tyler,3,4,Cartersville,Sheriff: GA Shooter Fired at 12 People in 15-Minute Shooting...
http://www.commercialappeal.com/news/local-news/crime/fourth-memphis-shooting-in-15-hours-leaves-six-including-four-children-shot-one-man-dead_24710039,206,244,Unknown,1,5,Memphis,"Fourth Memphis shooting in 15 hours leaves six, including four children shot, one man dead"
http://www.nola.com/crime/index.ssf/2014/08/four_injured_in_7th_ward_shoot.html,207,245,Unknown,0,4,New Orleans,4 wounded in 7th Ward shooting; teen in critical condition
http://www.suntimes.com/news/29268672-418/16-year-old-boy-killed-3-injured-in-sauk-village-shooting.html,208,246,Unknown,1,3,Sauk Villiage,Chicago : News : Politics : Things To Do : Sports
http://7online.com/news/multiple-people-shot-in-plainfield-new-jersey-/266123/,211,247,Unknown,1,3,Plainfield,"Search underway for gunman after 1 killed, 3 hurt in Plainfield shooting"
http://bigstory.ap.org/article/6-hurt-salt-lake-city-nightclub-shooting,212,248,Unknown,0,6,Salt Lake,6 hurt in Salt Lake City nightclub shooting
http://www.lasvegassun.com/news/2014/aug/17/four/,213,249,Unknown,0,4,Las Vegas,Four injured in drive-by shooting in northeast valley
http://7online.com/news/south-jamaica-shooting-leaves-4-wounded-2-critically/266817/,214,250,Unknown,0,4,Queens,"4 wounded, 2 critically, in drive-by shooting in South Jamaica, Queens"
http://www.mercurynews.com/crime-courts/ci_26357654/east-palo-alto-one-killed-four-injured-shooting,216,251,Unkown,1,4,Palo Alto,"East Palo Alto: One killed, four injured in shooting incident"
http://www.dnainfo.com/chicago/20140824/auburn-gresham/auburn-gresham-lounge-shooting-leaves-one-dead-three-injured,218,252,Unkown,1,3,Chicago,"Auburn Gresham Lounge Shooting Leaves One Dead, Three Injured"
http://www.nbclosangeles.com/news/local/Three-Homicides-San-Fernando-Valley-May-Be-Linked-272485031.html,219,253,Unknown,2,4,San Fernando,"Person of Interest Detained in ""Random"" Killings That Left 3 Dead in San Fernando Valley"
http://www.chicagotribune.com/news/local/breaking/chi-pizza-hut-four-shot-20140826-story.html,220,254,Unkown,0,4,Chicago,"4 shot outside Pizza Hut: 'I heard a bunch of gunshots, people screaming'"
http://voices.suntimes.com/news/breaking-news/four-wounded-in-south-shore-shooting/,220,255,Unkown,0,4,Chicago,Chicago : News : Politics : Things To Do : Sports
http://www.newson6.com/story/26369827/tulsa-police-two-adults-two-children-killed-in-murder-suicide,221,256,William Rolando Fuentes Godinez,4,0,Tulsa,"Tulsa Police: Two Adults, Two Children Dead In Murder-Suicide - NewsOn6.com - Tulsa, OK - News, Weather, Video and Sports - KOTV.com"
http://kfor.com/2014/08/26/four-dead-including-two-children-in-oklahoma-apartment-shooting/,221,257,William Rolando Fuentes Godinez,4,0,Tulsa,"Four dead, including two children, in Oklahoma apartment shooting"
http://www.tulsaworld.com/news/crimewatch/police-four-dead-including-two-children-in-east-tulsa-apartment/article_610ccdfe-309e-5c10-94b5-9105ae3c2f9e.html,221,258,William Rolando Fuentes Godinez,4,0,Tulsa,"Police: Man kills wife, two children before committing suicide; victims identified"
http://www.clickondetroit.com/news/detroit-police-investigating-a-quadruple-shooting/27767568,223,259,Unkown,1,3,Detroit,"Woman killed, 3 others hurt in shooting on Detroit's east side"
http://detroit.cbslocal.com/2014/08/28/18-year-old-killed-in-quadruple-shooting-police-searching-for-men-with-high-powered-weapon/,223,260,Unkown,1,3,Detroit,18-Year-Old Killed In Quadruple Shooting; Police Searching For Men With ‘High-Powered Weapon’ « CBS Detroit
http://www.pjstar.com/article/20140831/LIFESTYLE/140839923/10929/NEWS,224,261,Francis Stack,4,0,Elmhurst,4 shot to death in Chicago suburb of Elmhurst
http://www.nbcchicago.com/news/local/Several-Family-Members-Found-Dead-in-Suburban-Home-273344271.html,224,262,Francis Stack,4,0,Elmhurst,Four Family Members Found Dead in Suburban Home: Police
http://www.rawstory.com/rs/2014/08/31/elderly-couple-and-their-two-disabled-adult-children-found-shot-to-death-in-chicago-suburb/#.VANjj2Yidro.reddit,224,263,Francis Stack,4,0,Elmhurst,Elderly couple and their two disabled adult children found shot to death in Chicago suburb
http://www.wtsp.com/story/news/local/2014/08/30/luck-for-police-after-truck-accidentally-hits-shooting-suspect/14875769/,225,264,George Mason III,3,1,Brooksville,Luck for police after truck accidentally hits shooting suspect
http://tbo.com/news/crime/hernando-deputies-several-people-hurt-in-shooting-20140829/,225,265,George Mason III,3,1,Brooksville,"Brooksville police: Three killed, one injured in shooting"
http://www.sfgate.com/bayarea/article/5-shot-at-Livermore-party-5725329.php,226,266,Anthony Jesus Torres,0,5,Livermore,Suspect arrested in Livermore house party shooting
http://www.dnainfo.com/new-york/20140901/crown-heights/man-killed-3-others-injured-during-crown-heights-shooting-police-say,229,267,Derek Gooding,1,3,Brooklyn,"Man Killed, 3 Others Injured During Crown Heights Shooting, Police Say"
http://www.nydailynews.com/news/crime/man-dies-3-shot-route-west-indian-day-parade-article-1.1923705,229,268,Derek Gooding,1,3,Brooklyn,"Man dies, 4 others shot in early morning shootings"
http://www.kansascity.com/news/local/crime/article1348304.html,231,269,Unkown,3,2,Kansas City,Man arrested in Northland assault; police seek connection to triple murder in south KC
http://www.latimes.com/local/lanow/la-me-ln-five-hospitalized-highland-shooting-20140902-story.html,232,270,Unkown,0,5,Highland,Man opens fire on five people in Highland; 2 in serious condition
http://www.sbsun.com/general-news/20140902/five-in-san-bernardino-taken-to-hospital-with-gunshot-wounds,232,271,Unkown,0,5,Highland,Five in San Bernardino taken to hospital with gunshot wounds
http://ktla.com/2014/09/03/4-men-wounded-in-south-l-a-shooting-2-other-people-shot-in-previous-incident/,234,272,Unknown,0,4,Los Angeles,4 Men Wounded in South L.A. Shooting; 2 Other People Shot in Previous Incident
http://www.mlive.com/news/flint/index.ssf/2014/09/five_people_shot_in_flint_over.html,235,273,unknown,0,5,Flint,"Five people shot outside party store in Flint, police say"
http://www.orlandosentinel.com/news/breaking-news/os-5-shot-drive-by-kwik-stop-gas-20140906-story.html,236,274,Unknown,0,5,Orlando,Deputies: 4 wounded in drive-by shooting at Orange County gas station
http://www.clickondetroit.com/news/detroit-police-investigating-seven-people/28025096,238,275,Unknown,2,5,Detroit,"Multiple people shot, killed in northwest Detroit"
http://www.huffingtonpost.com/2014/09/15/texas-trailer-park-shooting_n_5822968.html?utm_hp_ref=crime,239,276,Unknown,3,1,Corpus Christi,"3 Dead, Child Injured In Texas Trailer Park Shooting"
http://www.caller.com/news/local-news/update-police-arrest-man-in-triple-homicide,239,277,Unknown,3,1,Corpus Christi,Police arrest man in Flour Bluff triple homicide (+Video)
http://wavy.com/2014/09/14/one-dead-two-wounded-in-norfolk-shooting/,240,278,Unknown,1,3,Norfolk,"1 dead, 3 wounded in Norfolk shooting"
http://www.huffingtonpost.com/2014/09/15/alaska-bar-shooting_n_5821622.html?utm_hp_ref=crime,241,279,Unknown,0,6,Anchorage,"Six Hurt In Alaska Bar Shooting, Suspects Remains At Large"
http://www.cleveland.com/metro/index.ssf/2014/09/cleveland_man_wanted_for_shoot.html,243,280,Wesley Daley Jr,0,4,Cleveland,"Cleveland man wanted for shooting 7-year-old girl, 3 others: Fugitive of the Week"
http://www.nola.com/crime/index.ssf/2014/09/5_shot_in_eastern_new_orleans.html,244,281,Unknown,0,5,New Orleans,5 men shot on 'Million Dollar Corner' in eastern New Orleans
http://www.bbc.com/news/business-29266609,245,282,Don Charles Spirit,8,0,Bell,Florida man kills his daughter and her six children
http://www.nbcnews.com/news/us-news/don-spirit-kills-daughter-six-grandchildren-bell-florida-n206861,245,283,Don Charles Spirit,8,0,Bell,"Don Spirit Kills Daughter, Six Grandchildren in Bell, Florida"
http://www.mediaite.com/online/florida-man-reportedly-shoots-and-kills-daughter-6-grandchildren/,245,284,Don Charles Spirit,8,0,Bell,Don Spirit Mass Shooting Murder Suicide Bell Florida
http://www.gainesville.com/article/20140918/ARTICLES/140919556/1139?Title=2-adults-six-children-dead-in-Gilchrist-shootings,245,285,Don Charles Spirit,8,0,Bell,"2 adults, six children dead in Gilchrist shootings"
http://newyork.cbslocal.com/2014/09/19/east-elmhurst-queens-shooting-leaves-multiple-people-wounded/,246,286,Unknown,0,4,Queens,"East Elmhurst, Queens Shooting Leaves Multiple People Wounded « CBS New York"
http://philadelphia.cbslocal.com/2014/09/28/police-investigate-quadruple-shooting-in-fairhill/,250,287,Unknown,0,4,Philadelphia,Police Investigate Quadruple Shooting In Fairhill « CBS Philly
http://www.miamiherald.com/news/local/crime/article2282344.html,251,288,Unknown,0,15,Miami,Fifteen people shot during party at Miami club
http://www.wtop.com/209/3711160/Police-15-hurt-in-Miami-nightclub-shooting,251,289,Unknown,0,15,Miami,Police: 15 hurt in Miami nightclub shooting
http://www.abcnews4.com/story/26646633/1-dead-5-wounded-in-colleton-county-shooting,252,290,Unknown,1,6,Walterboro,"1 dead, 6 wounded in Colleton County shooting - WCIV-TV"
http://www.theindychannel.com/news/local-news/4-people-shot-during-private-party-at-vfw-building-near-3600-english-ave,253,291,"Vernell Ballard, Unknown",0,4,Indianapolis,4 people shot during private party at VFW building near 3600 English Ave.
http://www.wthr.com/story/26650416/2014/09/29/birthday-party-at-vfw-ends-in-shooting,253,292,"Vernell Ballard, Unknown",0,4,Indianapolis,Birthday party at VFW ends in shooting
http://www.wbtw.com/story/26691567/3-arrested-after-5-shot-in-drug-deal-gone-badly-darlington-sheriff-says,256,293,"Alonzo Russell Sr., Sylvester Lamont Jordan, Damaino Nicholas Thomas",0,5,Darlington,"3 arrested after 5 shot in ‘drug deal gone badly,’ Darlington Sheriff says"
http://www.insidesocal.com/sgvcrime/2014/10/05/four-wounded-in-shooting-at-pomona-restaurant-drive-through/?doing_wp_cron=1422648180.5885689258575439453125,257,294,Unknown,0,4,Pomona,Four wounded in shooting at Pomona restaurant drive-through
http://abc7chicago.com/news/1-dead-3-wounded-in-west-garfield-park-shooting/336592/,258,295,Unknown,1,3,Chicago,"1 dead, 3 wounded in West Garfield Park shooting"
http://www.news4jax.com/news/3-killed-2-dead-in-mass-shooting/28963234,260,296,"Prosper Natron Johnson, Deanta Holsey",3,2,Jacksonville,"3 killed, 2 hurt in shooting in North Jacksonville"
http://www.clickondetroit.com/news/police-woman-shot-killed-by-man-she-rejected-at-detroit-hall/28976620,261,297,Unreported,1,5,Detroit,"Police: Woman shot, killed by man she rejected at Detroit hall"
http://www.dailymail.co.uk/news/article-2786805/Cops-4-slain-include-2-adults-boys-ages-7-10.html,263,298,Unknown,4,0,Guilderland,Family of four found shot dead in New York quadruple murder
http://www.nbc12.com/story/26741075/richmond-police-respond-to-south-richmond-shooting,264,299,Traymont B. Burton,0,4,Richmond,Child among 4 dead in south Richmond murder-suicide shooting
http://www.nydailynews.com/news/crime/dead-richmond-murder-suicide-cops-article-1.1969599,264,300,Traymont B. Burton,0,4,Richmond,Four dead in Richmond murder-suicide: cops
http://www.koco.com/news/police-officer-shot-in-southeast-oklahoma-city/29019196,265,301,Unreported,1,3,Oklahoma City,"1 person dead in shooting involving suspects, police in Southeast Oklahoma City"
http://wibx950.com/multiple-shooting-victims-at-level-bar-officer-shot-suspect/,267,302,Calvin A. Dennis,0,5,Utica,Police Investigate Shooting at Level Bar in Utica 10
http://www.sacbee.com/news/local/crime/article2691157.html,268,303,Unknown,3,1,Stockton,Three shootings kill five in Stockton in four-hour span
http://www.wftv.com/news/news/local/fire-rescue-multiple-people-shot-including-3-child/nhk4z/,271,304,David Mohney,3,1,Port Orange,"Surviving child upgraded to stable after father shoots 3 kids,..."
http://www.clickondetroit.com/news/detroit-man-charged-in-shooting-that-killed-3yearold-injured-3-others/29230266,272,305,Donnie Everett,1,3,Detroit,"Detroit man charged in shooting that killed 3-year-old, injured 3 others"
http://www.huffingtonpost.com/2014/10/17/amiracle-williams-3-year-old-killed-facebook-fight_n_6002280.html?utm_hp_ref=crime,272,306,Donnie Everett,1,3,Detroit,"Facebook Fight Led To Fatal Shooting Of 3-Year-Old Amiracle Williams, Detroit Police Say"
http://www.aikenstandard.com/article/20141018/AIK0101/141019399/1083/update-victim-s-name-released-in-deadly-graniteville-nightclub-shooting,273,307,Unknown,1,3,Aiken,UPDATE: Victim’s name released in deadly Graniteville nightclub shooting
http://www.nydailynews.com/new-york/nyc-crime/4-men-hospitalized-brooklyn-shooting-article-1.1979466,274,308,Unknown,0,4,Brooklyn,4 men hospitalized after Brooklyn shooting
http://detroit.cbslocal.com/2014/10/21/4-injured-in-gas-station-shooting-near-ecorse-police-department/,275,309,unknown,0,4,Detroit,4 Injured In Gas Station Shooting Near Ecorse Police Department « CBS Detroit
http://www.theherald-news.com/2014/10/23/three-hospitalized-following-shooting-in-joliet/aoj7zsx/,276,310,Unknown,0,4,Joliet,Three hospitalized following shooting in Joliet
http://www.nytimes.com/2014/11/09/us/death-toll-rises-to-5-in-school-shooting.html?smid=re-share,277,311, Jaylen Fryberg,5,1,Marysville,Death Toll Rises to 5 in School Shooting
http://www.firstcoastnews.com/story/news/nation/2014/11/03/fourth-student-high-school-shooting-dies/18400611/,277,312, Jaylen Fryberg,5,1,Marysville,Fourth student in high school shooting dies
http://www.theguardian.com/us-news/2014/nov/01/washington-school-shootings-third-victim-dies,277,313, Jaylen Fryberg,5,1,Marysville,Washington school shootings: third victim dies in hospital
http://www.cnn.com/2014/10/24/us/washington-school-shooting/index.html?hpt=hp_t1,277,314, Jaylen Fryberg,5,1,Marysville,"Marysville school shooting: 'Run, get out of here'"
http://www.kfvs12.com/story/27018546/ksp-investigating-4-shooting-deaths-at-home-in-trigg-county-ky,278,315,Ryan Champion,4,0,Cadiz,"Autopsy: 3 victims, suspect died from gunshot wounds in shooting"
http://www.walb.com/story/27155807/five-shot-at-raleigh-apartment-complex,279,316,Unknown,0,5,Raleigh,"WALB.com, South Georgia News, Weather, Sports"
http://www.sfgate.com/crime/article/Four-shot-in-S-F-s-Mission-District-5874728.php?cmpid=reddit-desktop,280,317,Unknown,0,4,San Francisco,Six shot in S.F.’s Mission District
http://www.latimes.com/local/lanow/la-me-ln-five-shot-pomona-park-20141109-story.html,282,318,Unknown,0,5,Pomona,Drive-by shooting in Pomona park leaves five people wounded
http://myfox8.com/2014/11/08/1-dead-4-injured-in-downtown-greensboro-shooting/,283,319,"Jose M. Chavez, Michael Wayne Davis",1,4,Greensboro,"1 dead, 4 injured in shooting in downtown Greensboro"
http://www.ky3.com/news/local/springfield-police-investigate-homicide-possibly-multiple-dead-at-motel-on-glenstone-and-kearney/21048998_29738482,284,320,Unknown,3,1,Springfield,Shootings kill 3 people at motel in northern Springfield
http://www.ohio.com/news/break-news/slain-akron-officer-was-a-hero-eyewitness-says-four-others-shot-suspect-arrested-1.541405,285,321,Kenan Ivery,1,4,Akron,"Slain Akron officer was a hero, eyewitness says; four others shot, suspect arrested"
http://miami.cbslocal.com/2014/11/17/police-identify-man-killed-during-quadruple-shooting/,286,322,Unknown,1,3,Miami,Police Identify Man Killed During Quadruple Shooting « CBS Miami
http://www.kvia.com/news/police-club-shooter-5-others-injured/29754252,287,323,Unknown,0,6,El Paso,"Police: Club shooter, 5 others injured"
http://www.reviewjournal.com/news/las-vegas/4-wounded-north-las-vegas-shooting,288,324,Unknown,0,4,Las Vegas,4 wounded in North Las Vegas shooting
http://www.chicagotribune.com/news/local/breaking/chi-several-shot-in-humboldt-park-20141119-story.html,289,325,Unknown,1,3,Chicago,"4 shot, 1 fatally, in Humboldt Park are casualties of ongoing clash"
http://www.theguardian.com/us-news/2014/nov/22/pregnant-woman-four-dead-cleveland-shooting,290,326,Unknown,4,1,Cleveland,Pregnant woman among four dead in Cleveland shooting
http://www.cnn.com/2014/11/20/us/fsu-incident/,291,327, Myron May,1,3,Tallahassee,3 shot at Florida State University
http://bigstory.ap.org/article/d61e024d8f844be9a51cd16eaff24506/mother-who-shot-children-dies-her-injuries,292,328,Jeannine LePage,3,1,Tabernacle,Mother who shot children dies from her injuries
http://nypost.com/2014/11/20/2-children-dead-2-injured-in-new-jersey-home-shooting/,292,329,Jeannine LePage,3,1,Tabernacle,"2 children dead, 2 injured in NJ shooting"
http://www.nbcphiladelphia.com/news/local/Shooting-at-Burlington-County-Home-283338971.html,292,330,Jeannine LePage,3,1,Tabernacle,"Mother, 3 Children Shot Inside New Jersey Home, 2 Children Die"
http://www.wpxi.com/news/news/local/breaking-many-6-people-shot-clairton/njCYF/,293,331,Unknown,0,6,Clairton,Unauthorized bar shut down after 6 injured in shooting
http://www.theguardian.com/us-news/2014/nov/22/gunman-four-dead-south-dakota-indiana-reservation?CMP=share_btn_gp,295,332,Colter Richard Arbach,4,1,Sisseton,Gunman among four dead at South Dakota American Indian reservation
http://www.rawstory.com/rs/2014/11/four-dead-in-murder-suicide-on-south-dakota-reservation-police-say/#.VHD7EyfscnQ.reddit,295,333,Colter Richard Arbach,4,1,Sisseton,"Four dead in murder-suicide on South Dakota reservation, police say"
http://wtkr.com/2014/11/24/man-accused-of-shooting-four-people-inside-accomack-co-home/,296,334,Jaquan Cortez Portier,0,4,Accomack County,Man accused of shooting four people inside Accomack Co. home
http://www.usatoday.com/story/news/nation/2014/11/24/cleveland-mass-shooting/19474067/,297,335,Unknown,5,0,Cleveland,9-year-old walks in on shooting at her house
http://www.sfgate.com/news/article/Six-shot-and-wounded-in-S-F-s-Mission-District-5919251.php?cmpid=reddit-mobile,298,336,Unknown,0,6,San Francisco,"6 shot, wounded outside hip-hop show in S.F.’s Mission District"
http://www.usatoday.com/story/news/nation/2014/11/26/barbershop-shooting-reading-pennsylvania/19549491/,299,337,Unknown,0,4,Reading,4 hurt in second shooting at same Pa. barbershop
http://www.mystatesman.com/news/news/local/man-arrested-after-2-killed-3-injured-in-weir-part/njHdp/,300,338,Jose Hernandez Benitez,2,3,Weir,"Man arrested after 2 killed, 3 injured in Weir party shooting"
http://www.wmcactionnews5.com/story/27500884/shooting-outside-memphis-bikini-bar,301,339,Unknown,0,4,Memphis,Four people shot outside bikini bar
http://www.rawstory.com/rs/2014/11/three-people-shot-to-death-in-atlanta-two-injured/#.VHojCEsJpzk.reddit,302,340,Unkown,3,2,Atlanta,"Three people shot to death in Atlanta, two injured"
http://www.nj.com/essex/index.ssf/2014/11/1_killed_in_newark_shooting_3_others_wounded_officials_say.html,303,341,Unkown,1,3,Newark,"1 killed in Newark shooting, several others wounded, official says"
http://www.wrcbtv.com/story/27508990/deputies-early-morning-shooting-injures-5-people,304,342,Unknown,0,5,Chattanooga,UPDATE: CPD increasing patrols after weekend shooting - WRCBtv.com
http://www.nytimes.com/2014/12/01/nyregion/4-wounded-in-shooting-at-a-baby-shower-in-brooklyn.html,305,343,Unknown,0,4,Brooklyn,4 Wounded in Shooting at a Baby Shower in Brooklyn
http://www.nbcnews.com/news/us-news/west-virginia-gunman-jody-lee-hunt-dead-after-four-killed-n259261,306,344,Jody Lee Hunt,5,0,Westover,West Virginia Gunman Jody Lee Hunt Dead After Four Killed: Police
http://www.wvgazette.com/article/20141201/GZ01/141209961/1419,306,345,Jody Lee Hunt,5,0,Westover,Man wanted in four Monongalia slayings found dead
http://www.13newsnow.com/story/news/local/mycity/newport-news/2014/12/02/newport-news-police-investigating-shooting-incident/19807177/,307,346,unknown,0,5,Newport News,Five people shot outside Newport News restaurant
http://www.stltoday.com/news/local/crime-and-courts/six-shot-in-suspected-holdup-at-st-louis-bar-popular/article_33503b67-ec0b-570e-af58-a699771c4ed6.html,308,347,Unknown,2,4,St. Louis,"Shootout at St. Louis tavern popular with police leaves 1 dead, injures five"
http://www.wsoctv.com/news/news/local/dispatch-cabarrus-co-officials-working-shooting-in/njK4M/,309,348,Reginald Mercer,1,3,Cabarrus County,"Deputies: Shooting leaves 3 dead, including suspect"
http://www.cbsnews.com/news/3-dead-1-injured-in-bradenton-florida-shootings/,310,349,"Andres ""Andy"" Avalos",3,1,Bradenton,"Three dead, one injured in Bradenton, Florida shootings"
http://www.nbcnews.com/news/crime-courts/suspect-sought-killings-wife-church-pastor-florida-n261756,310,350,"Andres ""Andy"" Avalos",3,1,Bradenton,Suspect Sought in Killings of Wife and Church Pastor in Florida
http://www.kare11.com/story/news/crime/2014/12/06/4-injured-in-party-bus-shooting-in-minneapolis/20022493/,311,351,Unkown,0,4,Minneapolis,4 injured in party bus shooting in Minneapolis
http://www.southbendtribune.com/news/local/four-injured-in-st-joseph-county-banquet-hall-shooting/article_f241d43c-7e24-11e4-ba15-67a1a0af4ad1.html,312,352,Unknown,0,4,St. Joseph,Four injured in St. Joseph County banquet hall shooting
http://www.nytimes.com/2014/12/13/us/oregon-4-hurt-in-shooting-near-portland-high-school.html?partner=rss&emc=rss&smid=tw-nytimes&_r=1,313,353,Unknown,0,4,Portland,Oregon: 4 Hurt in Shooting Near Portland High School
http://www.cnn.com/2014/12/12/us/portland-school-shooting/index.html,313,354,Unknown,0,4,Portland,"4 shot near high school in Portland, Oregon: police"
http://tbo.com/news/crime/five-wounded-in-shooting-at-tampa-nightclub-20141213/,314,355,Unknown,0,5,Tampa,Five wounded in shooting at Tampa nightclub
http://www.nbcmiami.com/news/local/One-of-Five-Victims-in-Overtown-Drive-By-Shooting-Dies-Miami-Police-286224471.html,315,356,Unknown,1,4,Miami,One of Five Victims in Overtown Drive-By Shooting Dies: Miami Police
http://www.13wmaz.com/story/news/local/macon/2014/12/12/friday-morning-macon-wings-cafe-shooting/20292021/,316,357,Unknown,2,4,Macon,Sheriff wants to close Macon bar after shootings
http://www.chicagotribune.com/news/local/breaking/chi-multiple-people-shot-michigan-and-57th-chicago-20141215-story.html,317,358,Unknown,0,4,Chicago,"4 shot, including boys 13 and 14, in Washington Park neighborhood"
http://www.mediaite.com/tv/while-you-were-watching-sydney-pa-gunman-killed-6-and-is-still-at-large/,318,359,Bradley William Stone,6,3,Montgomery County,"While You Were Watching Sydney, PA Gunman Killed 6 and Is Still at Large"
http://abc7chicago.com/437053/,318,360,Bradley William Stone,6,3,Montgomery County,Bradley William Stone ID'd as suspect in Montgomery County killing spree; 6 dead
http://www.nj.com/union/index.ssf/2014/12/one_man_seriously_injured_three_others_stable_after_elizabeth_shooting_police_say.html,319,361,Unknown,0,4,Elizabeth,"1 badly hurt, 3 stable after shooting at Elizabeth youth center"
http://chicago.suntimes.com/nationworld/7/71/223001/4-people-including-2-children-killed-rockford-home,320,362,Unknown,4,0,Rockford,"4 people, including 2 children, killed at Rockford home"
http://abc13.com/news/house-party-shooting-kills-1-wounds-10/445683/,321,363,Unknown,1,10,Calumet City,"Calumet City house party shooting kills 1, wounds 10"
http://abc30.com/news/4-wounded-in-central-fresno-drive-by-shooting/447341/,325,364,Unknown,0,4,Fresno,4 wounded in Central Fresno drive-by shooting
http://www.local10.com/news/police-checking-on-reports-of-a-shooting/30357538,327,365,Unknown,0,9,West Little River,9 shot at public park's basketball court in West Little River
http://www.usatoday.com/story/news/nation/2012/12/24/webster-new-york-firefighter-shot/1788917/,328,366,William Spengler,3,2,Webster,"4 firefighters shot, 2 killed at Webster, N.Y., fire"
http://www.wlky.com/news/one-person-dead-three-injured-in-apartment-complex-shooting/30380264,329,367,Unknown,1,3,Winchester,"One person dead, three injured in apartment complex shooting"
http://www.ksdk.com/story/news/crime/2014/12/24/1-dead-in-downtown-quadruple-shooting/20883631/,330,368,Unknown,1,3,St. Louis,"1 dead, 3 critical after downtown shooting"
http://www.nbclosangeles.com/news/local/4-People-Shot-1-Fatally-in-South-LA-286939761.html,333,369,Unknown,1,3,Los Angeles,"1 Killed, 3 Wounded in Gang-Related Shooting in South LA: Police"
http://www.sacbee.com/news/local/crime/article5079981.html,334,370,Unknown,0,4,Sacramento,4 injured by gunfire in Sacramento
http://www.nola.com/crime/index.ssf/2014/12/4_injured_in_monday_morning_sh.html,335,371,Unknown,0,4,New Orleans,4 injured in Monday morning shooting near Superdome
